Airport Code,Airport Name,City,Country
AAA,Anaa Airport,,French Polynesia
AAB,Arrabury Airport,,Australia
AAC,El Arish International Airport,El Arish,Egypt
AAD,Adado Airport,Adado,Somalia
AAE,Rabah Bitat Airport,Annaba,Algeria
AAF,Apalachicola Regional Airport,Apalachicola,United States of America
AAG,Arapoti Airport,Arapoti,Brazil
AAH,Aachen-Merzbr√ºck Airport,Aachen,Germany
AAI,Arraias Airport,Arraias,Brazil
AAJ,Cayana Airstrip,Awaradam,Suriname
AAK,Buariki Airport,Buariki,Kiribati
AAL,Aalborg Airport,Aalborg,Denmark
AAM,Malamala Airport,Malamala,South Africa
XXX,Al Ain,Al,UAE
